Project	Variant_Count	ID1	ID2	ID3	ID4	ID5	ID6	ID7	ID8	ID9	ID10	ID11	ID12	ID13	ID14	ID15	ID16	ID17	ID18
acbc_mskcc_2015	2.0	0.0	0.0	0.23775542528995267	0.0	0.21419154621400635	0.0	0.0	0.0	0.0	0.16666666666666666	0.0	0.0	0.0	0.0	0.19828039880960616	0.18113456768706734	0.0	0.0
acc_2019	2.3662952646239552	0.009796366643082373	0.008341554283486425	0.09706385778189729	0.016140902030671582	0.41396253586342874	0.0	0.017025574367758162	0.015261645477882457	0.0	0.0036935646156309888	0.030348902726696433	0.0	0.03623115997914492	0.0007693927178266393	0.08209702955400601	0.24721897860283362	0.004730636758957686	0.012300661473997946
acc_tcga	19.566666666666666	0.011160624741844686	0.04794091263278282	0.07619366899876538	0.016317099461740318	0.2535028511706851	0.001957014750747011	0.03363390933159586	0.2383796841131193	0.0	0.10592699745453192	0.020153847645978933	0.0	0.02889241748939633	0.0	0.020329684348485002	0.12075743598858145	0.003125219631666289	0.0
acc_tcga_pan_can_atlas_2018	9.067567567567568	0.03877121945932176	0.012695820647617366	0.19662908453949296	0.016934366437098242	0.29472003613589026	0.0	0.04206645824901035	0.012437317641377644	0.0021278576739090947	0.032746399233764545	0.07725605208463107	0.0	0.03739302284997403	0.0	0.07200988976440849	0.12790226823452228	0.005358761411452811	0.024740606664188338
acyc_fmi_2014	1.5	0.0	0.0	0.3	0.0492993540558057	0.2025512639667122	0.0	0.0	0.0	0.0	0.0	0.0	0.0	0.0496579642636106	0.0	0.1146387271944314	0.2806757218497701	0.0	0.0
acyc_mskcc_2013	1.5263157894736843	0.0	0.0	0.1677947970161379	0.05263157894736842	0.3597763594994582	0.0	0.0	0.0	0.0	0.0	0.09829473408890715	0.0	0.028945272729977684	0.0	0.04207527819563195	0.24757301417600913	0.0	0.0
acyc_sanger_2013	2.8333333333333335	0.061416584036938615	0.0	0.21767220278691793	0.0	0.261577633009899	0.0	0.0	0.0	0.0	0.025795353984689334	0.0	0.0	0.16279087556587354	0.0	0.037631668163380386	0.11911673994906533	0.05555555555555555	0.05555555555555555
all_phase2_target_2018_pub	1.4545454545454546	0.051015048384481	0.0	0.09090909090909091	0.0	0.5101331178222435	0.0	0.0	0.0	0.0	0.0	0.0	0.0	0.0	0.0	0.09090909090909091	0.2570336519750937	0.0	0.0
all_stjude_2015	1.0	0.0	0.0	0.2	0.0	0.4053641321044764	0.0	0.0	0.0	0.0	0.0	0.2	0.0	0.0	0.0	0.0	0.18816909985503	0.0	0.0
aml_ohsu_2018	2.514851485148515	0.011109770351985031	0.025036817771395575	0.07737510025871407	0.0027366713509703166	0.2586893046285748	0.0	0.03355911267571753	0.0	0.0	0.15389585192225533	0.038663566137416984	0.0	0.055918918917344754	0.0	0.032547728686588576	0.14805060041274434	0.15128330908940069	0.006168653508306923
aml_target_2018_pub	1.3333333333333333	0.0	0.0	0.0	0.0	0.3054456235014127	0.0	0.0	0.0	0.0	0.0	0.16666666666666666	0.0	0.16666666666666666	0.0	0.0	0.3461709121215637	0.0	0.0
ampca_bcm_2016	33.33076923076923	0.1018205076851566	0.04788962395693928	0.12430555670243211	0.008935249339286083	0.1927778989408678	0.0	0.03874084782797498	0.021715576599308277	0.0	0.054985862537034545	0.06099619139171256	0.0	0.06872402644364317	0.003876055526687162	0.08154852212918676	0.12372721748058431	0.03374230481192694	0.028739432548974615
angs_painter_2020	31.90909090909091	0.002905217432532974	0.012503115994546574	0.1662022905041258	0.008005994557588597	0.23188495841131992	0.0	0.01395588121488258	0.12192333291642357	0.0	0.01617766801695482	0.02799482587675604	0.0	0.10212873945817427	0.004057154200914714	0.0380345942794664	0.2402811571830929	0.0	0.003543473130490675
bcc_unige_2016	6.227722772277228	0.013803687577179475	0.030191267777124345	0.14274852792775566	0.018190694933756156	0.2666789028957308	0.003556028425435678	0.013269208661738639	0.051775951150896025	0.0	0.07117204320881954	0.0351496132254045	0.00030654837404531585	0.1122495163132064	0.0	0.061396306699335566	0.13672359888750715	0.0270949871750348	0.004947947456748925
bfn_duke_nus_2015	4.777777777777778	0.0	0.0	0.1314313575639967	0.03254718419854255	0.397321413067735	0.0	0.021296241698482724	0.05555555555555555	0.0	0.038316298440524726	0.05544511365932567	0.0	0.021222247010165556	0.0	0.02992725829879367	0.21383772824870648	0.0	0.0
blca_bgi	5.845360824742268	0.011945136794434886	0.0017519425344316496	0.16237119820731316	0.01018753597611998	0.2820879989865561	0.006124321472990546	0.00666064681734199	0.1045836066571237	0.0	0.10652225430440213	0.05439996014479412	0.0	0.042431808503239875	0.0	0.04280587614363936	0.13855893723385676	0.017485825713333444	0.003337084098189227
blca_dfarber_mskcc_2014	83.7	0.07241053317529676	0.1852482294392108	0.17950530978088064	0.024072115567254013	0.11031108095917715	0.0	0.05161911509153239	0.07311205419321205	0.0	0.015232836558289317	0.00737769103224857	0.016904665028146228	0.052668800193332706	0.01927755993092524	0.017056605587968187	0.1076432977017885	0.003392834542761646	0.0
blca_msk_tcga_2020	6.08092485549133	0.03159270508444891	0.011593070353823353	0.22030858175368492	0.00863968449102317	0.18487703377417078	0.002703064841808032	0.02026333338275639	0.08215243090263089	0.009104533465179355	0.01961646234936433	0.09335850194689121	0.0	0.05256315603578863	0.0	0.08663917037820656	0.145423015865401	0.01553622612533742	0.009015353046777757
blca_nmibc_2017	2.236111111111111	0.005685028828911166	0.0	0.07572140082544862	0.0	0.2634525642335425	0.0	0.004865178648756181	0.08036326972194935	0.0	0.013219579518919777	0.1685440976703882	0.0	0.03525520232532219	0.010223615483928111	0.07142975739109449	0.22330521589980906	0.013888888888888888	0.03236996363255703
blca_plasmacytoid_mskcc_2016	1.5454545454545454	0.0	0.0	0.22727272727272727	0.0	0.4136322532189265	0.0	0.0	0.045454545454545456	0.0	0.0	0.0	0.0	0.0	0.0	0.14934270956805767	0.1642977644857431	0.0	0.0
blca_tcga	9.310077519379846	0.04222018550239955	0.047673736873754785	0.19337309993098625	0.007037103811782798	0.18498275515540819	0.0004931283935874441	0.04072853820963866	0.12131513881911866	0.0	0.010730072071795159	0.05732167645007852	0.0	0.03743181685795634	0.003947273256816025	0.08193634903724441	0.12204736100356557	0.014461654905613287	0.021561608766982984
blca_tcga_pan_can_atlas_2018	6.861892583120205	0.04148658823575441	0.009669585954872075	0.2482936847748485	0.009036762459337669	0.1598166646677817	0.003063320494508862	0.02096891156155511	0.09537577831873006	0.005212564697827412	0.01743683667474614	0.08655683883705309	0.0	0.052758276642706325	0.0016099377959184911	0.09307569330846863	0.11770787512132486	0.019665412062526942	0.010529643985644585
blca_tcga_pub	8.868217054263566	0.04769930009032788	0.04938227174946376	0.20679692642378147	0.007037103811782798	0.18363228198158024	0.0011850653348729084	0.04208539383346029	0.11183809029067683	0.0	0.011563986998862949	0.051352880771062946	0.0	0.04000393327186411	0.004050091225532177	0.0815071165069157	0.10991137142383933	0.01486872351500566	0.022185334149517916
blca_tcga_pub_2017	7.235588972431078	0.03602400834500419	0.011460903799874507	0.27278306883797615	0.006975951708045727	0.13509219386788807	0.00347102564688351	0.03432662184597427	0.08280225894317285	0.0	0.020446786396797874	0.06176805734789441	0.0	0.07805031682243231	0.0013145065825133763	0.11254692170880624	0.09867250247545112	0.015340154029424416	0.018279185572181188
brain_cptac_2020	5.092783505154639	0.1901911164687028	0.17943981069159218	0.06394075898404016	0.0008146838474134484	0.30823532127369535	0.0	0.011852647358628347	0.04783630938228774	0.0	0.009664366033490773	0.012809575114107024	0.0010291621677900877	0.013300681040260543	0.0013348374028242425	0.024268823480398626	0.11669164201765955	0.00324091578888067	0.006090112960115356
brca_bccrc	2.945945945945946	0.03843343421304346	0.02320254291106754	0.077064758573378	0.0	0.47482586011121397	0.0	0.01986637400377057	0.0	0.0	0.05251795308903348	0.03740096042610381	0.0	0.06454958360086022	0.0	0.023651224685463	0.18322469758167992	0.0	0.0
brca_broad	46.262135922330096	0.0	0.0	0.0	0.0	0.2307900463513235	0.0	0.0	0.0	0.0	0.0047252959632283886	0.03681097174632669	0.0	0.0	0.040313147153235154	0.0	0.6794000645640212	0.0	0.0
brca_cptac_2020	7.071428571428571	0.027443437696035362	0.009257816045750858	0.1249168051148363	0.0	0.23570803685193056	0.0	0.015787502901343738	0.1768025592872017	0.0	0.07291837783847002	0.06996863216566823	0.0	0.058680202708526634	0.0012008742212369554	0.032336213653935963	0.12132449541704082	0.008043253802582499	0.038243474981656984
brca_igr_2015	1.8931297709923665	0.15000378868422756	0.0	0.0	0.0	0.13489864252584613	0.0	0.0	0.0	0.0	0.17823108869430918	0.183907342851173	0.0	0.0	0.0	0.00472028829762649	0.2902944277414217	0.05223653962686617	0.0
brca_jup_msk_2020	1.0	0.0	0.0	0.0	0.0	0.717803907455675	0.0	0.0	0.0	0.0	0.0	0.0	0.0	0.0	0.0	0.0	0.282196092544325	0.0	0.0
brca_mapk_hp_msk_2021	1.554054054054054	0.013513513513513514	0.013513513513513514	0.09404554902000002	0.006862111062410095	0.32662133909569757	0.0	0.013513513513513514	0.011607738125062677	0.0	0.02701325136242777	0.04893085499410699	0.0	0.06107095817513371	0.0	0.0714097149536505	0.2882309608908068	0.011536833522158554	0.010098955773850081
brca_mbcproject_wagle_2017	3.372549019607843	0.02966774520444054	0.00869942366605423	0.1631869187767171	0.007953549188771098	0.2674834576356682	0.0	0.0032469422176174658	0.05369946935124163	0.0	0.04004358827641592	0.0766295018706421	0.0	0.07484954997249083	0.0	0.050335342917366376	0.17817090301380012	0.018753465223180225	0.02081538710661955
brca_metabric	1.52020202020202	0.003169854599093495	0.0	0.12119771619022603	0.0069957755164388995	0.4087185725591917	0.0	0.0	0.004881757486996223	0.0	0.0	0.07531812900444645	0.0	0.06625780956941602	0.0	0.047082947846477576	0.24965189091309986	0.0	0.01337935858147704
brca_pareja_msk_2020	4.275862068965517	0.005066973605331673	0.0	0.0	0.3573571454728531	0.2633137725887399	0.0	0.0	0.14866847872463848	0.0	0.0	0.024532669434568083	0.0	0.0	0.0	0.008090435619019516	0.18657979756078708	0.0	0.0
brca_sanger	3.3536585365853657	0.013257406569565427	0.012004329645284086	0.16053086625073523	0.0043041386000855	0.3013088620411051	0.0	0.012195121951219513	0.044692136260765625	0.0	0.035210341361556804	0.05355341991826524	0.0	0.03443574412650151	0.0	0.0788997581747581	0.2073870228445988	0.018658699465628977	0.01823548774926829
brca_smc_2018	2.832258064516129	0.06366641090828937	0.06372865603363434	0.12583982439783709	0.0	0.28836009725462425	0.0	0.03245873715492388	0.003963546412862033	0.0	0.0	0.04175379214900323	0.0	0.05377837389498001	0.0	0.053349480780219595	0.238941353434319	0.0	0.024446763585445005
brca_tcga	7.401075268817205	0.03732986639035174	0.03203186713725842	0.20924236172643046	0.008232760533217504	0.22998372257416583	0.0	0.02445721561004917	0.00267499303016194	0.0	0.0009415999498315968	0.05842380642553184	0.0008018639363798591	0.10808398119594839	0.006065936226883156	0.06402631923011154	0.18576358004026686	0.009549122225775435	0.014174908641731303
brca_tcga_pan_can_atlas_2018	13.446333687566419	0.04910006244234542	0.017313172543582698	0.13426356394850275	0.010439681318108554	0.260817781217988	0.0007743717684257471	0.011838077984362578	0.09333698272203794	0.002976275582226565	0.02353496843140081	0.08363477701365776	0.0	0.06589258184144907	0.00034713628681289755	0.05737832914466346	0.14841411087217346	0.011451901392742598	0.02114359157708564
brca_tcga_pub	4.723014256619145	0.0011429033242959083	0.000602059621428165	0.19866391721224091	0.0061637031059541365	0.2480461486137368	0.0	0.00021305470964359268	0.08709630698547513	0.0	0.03332523531948329	0.07317118397324092	0.0	0.1148585942525327	0.00025278396069017517	0.058874239501449196	0.14467718719514536	0.01809961874004393	0.008191005271138625
brca_tcga_pub2015	7.603053435114504	0.024287867903989912	0.020495750504247765	0.17409769470570072	0.007647611026691641	0.2875922735461532	0.0010886987767391755	0.01789055243564814	0.030637790360322097	0.0	0.013218095041519246	0.056961546716700145	0.0	0.08579235854337511	0.005174377173725192	0.05343527852706012	0.18547306640076716	0.010944423489319885	0.017848585552650068
breast_alpelisib_2020	1.4893617021276595	0.03257018412083283	0.0	0.0351160221090246	0.028328158788425106	0.29314443380958244	0.0	0.0	0.0	0.0	0.007437169380337107	0.09447822883860436	0.0	0.06382978723404255	0.0	0.10299753944642348	0.31477419538823653	0.02127659574468085	0.0
breast_ink4_msk_2021	1.6658986175115207	0.024688616536207547	0.006586295219264827	0.10345084697905339	0.007718158897301421	0.29605895864161996	0.0	0.006066435270964156	0.02993629018040903	0.0	0.05208405676067664	0.07578045720792179	0.0	0.056553876009157324	0.0	0.057481028751480104	0.2548773446010474	0.018213933973807404	0.007319284846472186
breast_msk_2018	1.5925925925925926	0.01621421232258946	0.0054302933250191835	0.09571184695713891	0.005586144136253588	0.3357286966811209	0.0	0.009583302924826311	0.02232615301648884	0.0	0.012509737235447392	0.08320009639253222	0.0	0.062354169304896845	0.0	0.0616661918456397	0.26839914352011995	0.004983284086661444	0.012465785151923984
ccrcc_dfci_2019	18.857142857142858	0.007521872936117871	0.004733770317020082	0.0478572207781186	0.004000082465606114	0.09083817049644247	0.014542323698075	0.0019483218573340712	0.4730035549162935	0.0	0.0	0.04075973514443078	0.0	0.10122498599891698	0.0	0.11391713365350535	0.04916307362791297	0.02017203168832034	0.002830493218495631
ccrcc_irc_2014	8.131578947368421	0.0	0.0369235531044986	0.23684781981749548	0.0	0.2826388221848357	0.0	0.0	0.0	0.0	0.0	0.027950172021012413	0.0	0.1618672015420055	0.0	0.11525610545829314	0.06746415907617356	0.04065743439931984	0.01878025186968454
ccrcc_utokyo_2013	36.71287128712871	0.016678285415082584	0.01786337586131557	0.15995858420522857	0.008892170360836052	0.15602059844821614	0.0	0.010669250273346349	0.025436909984965398	0.0	0.0	0.056173580798433466	0.0	0.20365112768928137	0.0	0.16357184856262946	0.08968035346072266	0.011986163098861606	0.05656234726969506
cellline_ccle_broad	27.648618784530388	0.11415884341812053	0.12903654830858438	0.11312579936559135	0.004987206893539235	0.2048890428060131	0.0017540700429904282	0.06215477318818502	0.06160509440721689	0.0	0.03176468615999498	0.0361441021559405	0.011425396782179171	0.028250779296290895	0.014152393664351602	0.014297276286622591	0.11033373560540381	0.029723053328799116	0.0018742605245413268
cellline_nci60	389.71666666666664	0.0	0.012541725163736974	0.0015584433272672784	0.05318362690562455	0.1742560957373986	0.0	0.11474485165623972	0.057204353111601	0.0	0.05875523056869653	0.07168596045235498	0.0063130112552829505	0.0	0.0	0.006841389448164177	0.16424411937074476	0.18504808206110096	0.0
cesc_tcga	6.724324324324324	0.22082946726896477	0.13727390908069662	0.10505448309293092	0.0054940518571138545	0.166836707084175	0.0	0.015763351958920334	0.0	0.0	0.02800312133746248	0.056320319922458964	0.0039983612739514915	0.040396411484245026	0.018852966266364353	0.02916526856220202	0.11898987632468809	0.03932585418878077	0.004586047502982445
cesc_tcga_pan_can_atlas_2018	11.239700374531836	0.10595230831845041	0.048001741267651186	0.1447218024129429	0.009752496462418738	0.23372723638388387	0.0022339733752231084	0.04350869458854235	0.049018869369959896	0.0	0.03335078022084757	0.04089822139270608	0.0	0.06403860229673325	0.0034940096320961725	0.047930275718174556	0.12544817642053144	0.021855570282739697	0.019817432780184406
cfdna_msk_2019	2.672316384180791	0.02634752841682203	0.008325524693531892	0.0444211776965711	0.04765257382445337	0.3027055539711014	0.0	0.02188568275889281	0.005649717514124294	0.060312314830995646	0.08001287892624849	0.046800382134680525	0.0	0.026546055375144983	0.0	0.16533441119168882	0.13628162783944267	0.0017463921918070564	0.021227887415987107
chol_jhu_2013	2.525	0.0522028879810848	0.05127440918521607	0.20817894315362348	0.0	0.23822299794937063	0.0	0.0	0.0	0.0	0.0	0.0599050705361329	0.0	0.09228143482951918	0.0	0.089865805221301	0.16412025674122574	0.0	0.038921933874306924
chol_msk_2018	2.086021505376344	0.05352352274203227	0.01777963617302265	0.09498970923178202	0.0	0.36309560198865604	0.0	0.033408093799680245	0.0046436781761271615	0.0	0.03225806451612903	0.0562195162125607	0.0	0.033967730167148165	0.0	0.09878427613655724	0.1861007923913432	0.010752688172043012	0.010752688172043012
chol_nccs_2013	16912861.75	0.014040265945116584	0.0	0.26140972733081175	0.0	0.2977789288580515	0.0	0.0	0.0	0.0	0.0	0.0	0.0	0.08103925478329933	0.0	0.030126539911726414	0.31331120462096035	0.0	0.0
chol_tcga	10.257142857142858	0.0060321450771049	0.18909770849831317	0.14855705170322883	0.008379894909229486	0.18175112620667924	0.0	0.020680614204971182	0.1577180864152556	0.0	0.011917981533502571	0.05367065644312322	0.026608095527127056	0.04561096583087874	0.0	0.0553716919452638	0.04197559286708901	0.009002041088744887	0.03166522044834232
chol_tcga_pan_can_atlas_2018	5.852941176470588	0.13083306946183967	0.0403021295045036	0.19507708538247903	0.01921417262023856	0.24118527030882647	0.0	0.019719023916380616	0.03630901061243838	0.0030943580842216468	0.0	0.06852584617411646	0.0	0.07010262452344944	0.0	0.030859623907218185	0.12800773236846533	0.009976664814287675	0.0
cll_broad_2015	1.7823691460055096	0.030580016848051825	0.014695153608790673	0.13901566825002387	0.004752195961741699	0.3627311316927464	0.0027548209366391185	0.004168294196004369	0.004732631522064121	0.0	0.01682113204891062	0.05104354799801139	0.0	0.0980939879860177	0.0	0.06390610493869893	0.17459677720204722	0.0103429109093343	0.019112992809075996
cll_iuopa_2015	1.692063492063492	0.004302682168293508	0.0031746031746031746	0.08961722093412339	0.029591219145027613	0.47839660433217945	0.0	0.0025017456787182605	0.0	0.0	0.012606854156039096	0.05898282001207191	0.0	0.05245462407789075	0.0	0.06586368349965599	0.1756479055758415	0.015873015873015872	0.008871164900336397
coad_caseccc_2015	3.88	0.08348091767545526	0.014530111194711322	0.13161759171503104	0.0	0.2684491825149711	0.0	0.08543235835491116	0.0	0.0	0.0	0.06089758337064012	0.0	0.05776325648387256	0.0170651343370688	0.04047762281850096	0.21240812459991548	0.0	0.023339030885880477
coad_cptac_2019	88.69811320754717	0.06428740185499862	0.09928995827034884	0.07247853941452802	0.006278989444088858	0.174601060411995	0.0	0.1506157272924574	0.08009914746086515	0.0	0.09050451934776858	0.039145156656842504	0.0	0.033328338548784815	0.023419312513257285	0.025972824624149154	0.09552553211379641	0.0036992127671398208	0.024311207684787544
coadread_dfci_2016	72.25520833333333	0.16199585453167972	0.116039317206298	0.0935510235339855	0.0058512897728575436	0.14223162382605517	0.0	0.11008755673671973	0.008797627614385016	0.0	0.01590579794737564	0.045038028554226915	0.0	0.0902711403297421	0.015172297062657832	0.039094566443829935	0.1045781542498777	0.010866294216671825	0.030737358854840087
coadread_genentech	587317.35	0.06541089851043377	0.21975071945199093	0.0	0.05	0.0650746471187419	0.0	0.3018139607581153	0.0	0.0	0.0	0.0	0.0	0.05	0.0	0.15412372053988738	0.0	0.0	0.08080163234137075
coadread_tcga	13.548717948717949	0.07228887431805846	0.03369802714268379	0.09586414323630928	0.007994555323513154	0.2304613353019478	0.0	0.06097462651743521	0.00419801805466489	0.0	0.003160979427254135	0.04351913118426021	0.0	0.06850401685090478	0.0036093983238629436	0.05150538817901355	0.25186526181921126	0.028819443909019655	0.02840749586180934
coadread_tcga_pan_can_atlas_2018	50.19253438113949	0.11344265339455391	0.07320773729758898	0.10957925147850148	0.007284777173686955	0.17192801267701668	0.0005077445948754362	0.0912825252305569	0.02022123459559984	0.003937872169461557	0.036069249388428586	0.06471910859473677	0.0	0.059093426086432095	0.01959760540988176	0.05009198493547444	0.10793051954831986	0.024861657486880007	0.032488231884106676
coadread_tcga_pub	7.391304347826087	0.12157005677563777	0.009134471630299025	0.014492753623188406	0.014862881748350043	0.3912067578054031	0.0	0.0	0.0	0.0	0.008985251401514498	0.05103803717493832	0.0	0.012133897795414217	0.0	0.008892970194630392	0.31005645977540663	0.04549697665840305	0.0
crc_apc_impact_2020	2.955357142857143	0.049883933257246174	0.015599535793483174	0.09775159230613305	0.0	0.323469242891692	0.0	0.056315399879363015	0.0015566123984532799	0.005373054990302536	0.040809937351684686	0.07145253833361256	0.0	0.06051010889962108	0.0	0.06514633814747914	0.16698494908502362	0.018938121381925823	0.021952293362112324
crc_msk_2017	3.55638166047088	0.056642171507984264	0.027358386445445235	0.09427404853435559	0.001205651550196606	0.3123686184501388	0.0012391573729863693	0.0839012332393224	0.002303559629807482	0.0024783147459727386	0.0012391573729863693	0.05870807819217227	0.0	0.08379151987786942	0.0	0.05751178214849472	0.18181163028958397	0.0007232404913076494	0.028226886843913786
crc_nigerian_2020	8.304347826086957	0.013887599595694756	0.09180417331268403	0.0036176712144490044	0.043478260869565216	0.263611927473625	0.0	0.19268852399272776	0.0	0.0	0.0	0.0	0.0	0.043478260869565216	0.0	0.10437901730640543	0.22450366275767247	0.0	0.0
cscc_dfarber_2015	3.0952380952380953	0.0	0.016484132886324	0.2030271169772647	0.012051988053178905	0.25253058512200693	0.0	0.06701631286739328	0.035805587394491904	0.0	0.0	0.0	0.0	0.11123306272240076	0.0	0.16222616665784415	0.13855499243567365	0.0	0.0
cscc_hgsc_bcm_2014	33.02564102564103	0.03312139694560043	0.03567655735177941	0.18495301746295678	0.0192127931152537	0.12388954704230667	0.0076938354709021285	0.051816900884138095	0.17888637989539655	0.0	0.020210629822922793	0.008773108591215871	0.0	0.11406339268229462	0.0016328321768576258	0.13861949973341525	0.04333580412399847	0.0052311456395400255	0.0071090741324952925
cscc_ucsf_2021	3.9491525423728815	0.0	0.0	0.33000440407518844	0.0	0.19492199051779716	0.0	0.0	0.008023218019774984	0.014357912377883237	0.0	0.038738822431007236	0.0	0.1303568057029205	0.0	0.14663186781052923	0.09717949396692857	0.0	0.03645134724639595
ctcl_columbia_2015	2.185185185185185	0.021321071268416408	0.0	0.21047751315865643	0.037037037037037035	0.27310450664470026	0.0	0.0	0.01921738471499122	0.0	0.0	0.052160663635060146	0.0	0.045456311042073774	0.0	0.11983789178980865	0.18234940305797837	0.0	0.037037037037037035
desm_broad_2015	25.45	0.0031613141640848197	0.01569276070087435	0.15772033284159975	0.0196292682015964	0.1569261517369513	0.0	0.0377791342557755	0.12370221020890615	0.0	0.07997937694227025	0.00382473332729502	0.0	0.16999982129054197	0.011128833989662655	0.013790951783820393	0.133515405491663	0.03453556567731405	0.0068402574267194495
difg_glass_2019	337.882618510158	0.0657562165139081	0.03933168450234872	0.19834326891974705	0.04106181246002481	0.21440019480281416	0.002052452409301126	0.03272213902703927	0.17633280110808597	0.0	0.0007748807410380384	0.025163301729354666	0.008095052266926504	0.06214914422663809	0.008110793818758127	0.026676414377271196	0.035802772430578673	0.0	0.006770276099989627
dlbc_tcga	11.977777777777778	0.0706208831486154	0.012072330925582471	0.11321531694880374	0.003532692499035222	0.28755410800234443	0.008608003961580978	0.006794889344721245	0.09533335158796598	0.0	0.07316239144840767	0.04584422317933474	0.0	0.030975052233653974	0.007477016663178734	0.06246591625581405	0.11383944275704573	0.030914008714034682	0.016890474573092267
dlbc_tcga_pan_can_atlas_2018	7.588235294117647	0.07987671000391912	0.019936391678122993	0.09041058659716701	0.0	0.29916665292186845	0.0	0.013778601744475824	0.11746563362720759	0.0	0.037340838614966496	0.07144870255176011	0.0	0.028009809985871742	0.0	0.054709666887207596	0.15009978126392176	0.006422711943872088	0.022751440987467824
dlbcl_dfci_2018	5.421052631578948	0.12023895302373913	0.010554231327261377	0.19623030706869946	0.009428629558818746	0.19169128396884516	0.0	0.002692093473438298	0.017333125877525772	0.0	0.025614025340691633	0.04863707069213356	0.0	0.09960652985255879	0.005397612459731403	0.06116568243053794	0.15073941629199367	0.04993690669886731	0.004492875323816824
dlbcl_duke_2017	1.0823529411764705	0.0	0.0	0.0	0.0	0.5700722305837951	0.0	0.0	0.0	0.2	0.011764705882352941	0.0	0.0	0.0	0.0	0.028788543442768127	0.1893745200910838	0.0	0.0
egc_msk_2017	2.4345238095238093	0.0696400937445897	0.016522280446080027	0.07215041087296907	0.0	0.3975566906069091	0.0	0.050318410515792965	0.023392483729912577	0.0	0.011904761904761904	0.028909446891324735	0.0	0.04279363761316383	0.0	0.05812722421073553	0.22211901967562028	0.0	0.0012901120547672382
egc_mskcc_2020	2.4771784232365146	0.04385160562098602	0.023706363923990774	0.08435693316597856	0.004149377593360996	0.3634204285425996	0.0	0.042794097783159915	0.02351928582506103	0.006965410733510378	0.030760371420566066	0.04191153763496848	0.0004246385088301826	0.045960960581785594	0.0	0.06071094890736661	0.20929599828341425	0.00943034884784824	0.005047729358726408
egc_tmucih_2015	15.51388888888889	0.16476104060540928	0.1266566833451837	0.05176111580428152	0.005547765724797361	0.19167757577243608	0.0	0.03757031943407533	0.00999101963610118	0.0	0.0727353468330934	0.013762768902356209	0.0	0.08984403794839996	0.031991251550001557	0.0286727947239565	0.10839477251865098	0.016435778195043917	0.0383034919466621
egc_trap_msk_2020	7.953488372093023	0.06779019238072842	0.020933375048556812	0.2053564492134365	0.026994815976502003	0.18161183675662382	0.0055133238870883955	0.05313257682528518	0.14757912445945517	0.0	0.025836515177093143	0.04202239114276427	0.05026270550560452	0.04464821069289691	0.0	0.005325565879553442	0.0791156318342165	0.02898209008825143	0.0
es_dfarber_broad_2014	7.236559139784946	0.027023510223068814	0.043673833213411145	0.15443154433047954	0.0070684312352611075	0.2850138728605827	0.0	0.02098620582246899	0.043171542400581214	0.0	0.0412543855908539	0.07426639909736829	0.0	0.08263472825813455	0.0018404643672257097	0.0355137066250247	0.11842133884763899	0.03442307605952006	0.02333554613562231
esca_broad	19.527397260273972	0.1990220460811801	0.1619991601159339	0.1051467877749283	0.00981140765531784	0.1443570499550056	0.002305873171690062	0.04296841069485082	0.05423664473095596	0.0	0.018360219161112093	0.028002383759099646	0.0006868146044918493	0.06804566930028695	0.022939587423622163	0.039888535666664775	0.042780625723349675	0.014695736821611089	0.013743859987844137
esca_tcga	30.929347826086957	0.18130833928632217	0.1722253431628481	0.1056451492389219	0.005818351666048009	0.16265995183255513	0.0	0.08144913094261365	0.0018404339958807553	0.0	0.0009103708872863718	0.046971052481431644	0.008441630354627156	0.06076385517122181	0.018846183942831277	0.049801256099577404	0.04018783184980465	0.0233940041528044	0.010483051251040956
esca_tcga_pan_can_atlas_2018	19.899441340782122	0.11376560815831388	0.06620084189433274	0.11163713767120349	0.009865128009996274	0.1441756227299308	0.0	0.03687007768256577	0.06391866184941918	0.0033231138220572234	0.038148847730548836	0.09405878045374087	0.0	0.09489688287609878	0.011447091323653302	0.05753572846267384	0.07766137828962205	0.03330827772022187	0.028326081628103697
escc_icgc	2.0208333333333335	0.056383204362359524	0.010127979584004541	0.12950113688189638	0.0	0.3679334025650005	0.0	0.0	0.01856526889440602	0.0	0.011200247705423104	0.05974166557685908	0.0	0.06485849217393	0.0	0.033028688145558836	0.21981228104154082	0.0	0.02833034641257375
escc_ucla_2014	2.1951219512195124	0.12041862517039213	0.05950376268091697	0.10233172229566316	0.0	0.26041009688703565	0.0	0.01812381140122184	0.0	0.0	0.0	0.06328173525068777	0.0	0.09730508872464426	0.008963359099092719	0.07617664637737231	0.17269265298724304	0.007263975737525828	0.00561868840914144
gbc_msk_2018	2.246376811594203	0.026458727264231457	0.0015095295256615652	0.021511323211204927	0.0	0.41247813974141284	0.0	0.02622332975423839	0.03736978840110836	0.0	0.06029678667748313	0.053514168774253336	0.0	0.04781763155124481	0.0	0.02668650945575971	0.2463133866234558	0.026288146817825465	0.00707279003360587
gbc_shanghai_2014	9.5625	0.0	0.0	0.1827818025915125	0.0	0.36898586326424604	0.008267444267069062	0.002550091988186378	0.0625382150860829	0.007345534987968813	0.12640748432314053	0.012941361396754468	0.0	0.07494598529345263	0.0	0.008350642040473439	0.10708713355225413	0.024788567865033032	0.0
gbm_columbia_2019	4.615384615384615	0.04726533645870701	0.02233791787532777	0.283206135843203	0.0	0.048095300799097844	0.0	0.0	0.03574700777775838	0.0	0.0	0.07692307692307693	0.0	0.20145189633839464	0.0	0.12174029862057807	0.11828919814468808	0.0	0.035969916910589386
gbm_mayo_pdx_sarkaria_2019	618.4096385542168	0.2057225898794313	0.037713859441444626	0.14365051741382234	0.006860610530097747	0.19024189015314427	0.0033753424497511087	0.006714086318343364	0.12250231641344582	0.0	0.06854086026382601	0.00922909590746508	0.01244786390365582	0.034606174655430304	0.012537472721670051	0.00316439383832724	0.07034940494339345	0.02123082691351465	0.0
gbm_tcga	3.916967509025271	0.05136363328402895	0.037224341765938085	0.20335767789994133	0.0034082342684915233	0.2433922542711682	0.001439258087844715	0.0219251073975443	0.006295625360139639	0.0	0.02334963227491143	0.04712952436517716	0.0	0.06035598962210724	0.0	0.08398921307366199	0.15415752325502935	0.010736119858347808	0.045792701338446824
gbm_tcga_pan_can_atlas_2018	4.38781163434903	0.039539567109167686	0.01574150027236591	0.21026043819389706	0.007500676876573595	0.2623047024715693	0.0017292772327822993	0.007667754279991817	0.014579893338392571	0.0	0.024550281870896026	0.06618588850777382	0.0	0.09335484206982689	0.0003497760616164571	0.06552930177313941	0.13795232727385864	0.009489955452981567	0.03762417359134184
gbm_tcga_pub	1.2222222222222223	0.0	0.037037037037037035	0.12181352695029492	0.0	0.5829380536514764	0.0	0.0	0.0	0.0	0.0	0.0	0.0	0.026334621197853222	0.0	0.05137500125878181	0.18050175990455652	0.0	0.0
gbm_tcga_pub2013	3.740072202166065	0.050820656616769766	0.04118100212296275	0.20183580876417143	0.0021956319454463974	0.2410086934760909	0.001439258087844715	0.024270607383454903	0.004426463686541115	0.0	0.024508604166867745	0.04821745526387085	0.0	0.05825934744694801	0.0	0.08805287668876449	0.1564058916451656	0.005744125242594156	0.0456702781105448
gct_msk_2016	1.125	0.0	0.039367902173845705	0.13318959013738782	0.0	0.4674441833615554	0.0	0.0	0.0	0.0	0.041666666666666664	0.0	0.0	0.08333333333333333	0.0	0.0629971887235473	0.16951509806634638	0.0	0.0
gct_msk_2020	3.9411764705882355	0.0	0.0	0.097431933053719	0.0	0.3018284026273225	0.0	0.0	0.02832667804347553	0.0	0.09348225654560494	0.0	0.0	0.10457847177717018	0.0	0.13381244580608737	0.21341691915021907	0.020015674371162764	0.0
glioma_msk_2018	1.6274509803921569	0.05241131456310541	0.0392156862745098	0.13725490196078433	0.0	0.35456827721517375	0.0	0.0	0.0	0.0	0.09104791531019556	0.017912606172722372	0.0	0.0285990461199918	0.0	0.052899095759758145	0.21865525827948526	0.0	0.006991300376078961
glioma_mskcc_2019	1.7193308550185873	0.03678986745623006	0.011685554490166897	0.07468410240245184	0.011709163248441613	0.4257065750746973	0.0	0.015782484118838685	0.004902291234889446	0.0018587360594795538	0.05584005783605109	0.03990163568165631	0.0	0.05000178354323139	0.0	0.03921282958613359	0.19742353557165124	0.013191784652250627	0.018205506561731973
hcc_msk_venturaa_2018	1.125	0.0	0.0	0.0	0.0	0.44811834805872747	0.0	0.0	0.0	0.0	0.0	0.0	0.0	0.25	0.0	0.125	0.17688165194127248	0.0	0.0
hcc_mskimpact_2018	1.5454545454545454	0.0043645269840422544	0.0	0.11888182196934476	0.0	0.37875701478164375	0.0	0.008935689953485927	0.06749346779565543	0.0	0.07272727272727272	0.01818181818181818	0.0	0.026500400439841965	0.0	0.08556202180679755	0.19432815818082644	0.0	0.01818181818181818
hccihch_pku_2019	3.8721804511278197	0.021637092427744187	0.005257136289930821	0.17436450018031474	0.0	0.2536046597361253	0.0	0.004711164259853151	0.07160644318753619	0.0	0.0	0.0724562425586827	0.0	0.13331449285671493	0.0015029361332936691	0.06299162745629508	0.14041989997039211	0.007518796992481203	0.04411972510543778
hgsoc_msk_2021	1.2692307692307692	0.0	0.0	0.28917642768644275	0.0	0.33316130654544435	0.0	0.038461538461538464	0.0	0.0	0.0	0.018515880005864925	0.0	0.037405759642162154	0.0	0.0804088692202782	0.16335290115735437	0.0	0.03757804561709473
histiocytosis_cobi_msk_2019	9.666666666666666	0.0	0.0	0.0	0.0	0.39998516141251983	0.0	0.0	0.2241288250391846	0.0	0.12974410215541848	0.0319609465717938	0.0	0.0	0.0	0.0	0.19829424331954346	0.0	0.0
hnc_mskcc_2016	1.7179487179487178	0.01751008371373409	0.006935461082358128	0.08164565331932686	0.01282051282051282	0.3517360278306435	0.0	0.018909452333393743	0.01282051282051282	0.0	0.045487234195306474	0.03600215743257378	0.0	0.03999284159679287	0.0	0.09021659893308005	0.27555197714740526	0.0065750477426257175	0.0
hnsc_broad	5.0	0.146394686784843	0.0	0.0	0.0	0.2680831237017485	0.0	0.0	0.402501516706113	0.0	0.0	0.0	0.0	0.0	0.0	0.0	0.18037824654941798	0.0	0.0
hnsc_mdanderson_2013	5.542857142857143	0.010842359193674999	0.039915255346916055	0.03545414490873174	0.03177921379849851	0.23075038024488026	0.0	0.05494452645191114	0.08545914913865554	0.0	0.11185465971750529	0.038043206964239656	0.0	0.09103595170304549	0.009839201157259942	0.027656071824939864	0.2164790274126976	0.0	0.0057070937577188285
hnsc_tcga	12.663405088062623	0.0646738344328849	0.08530692653370917	0.17978804393079412	0.0035577128508634003	0.15828586370204745	0.0010709785864233485	0.03190753319780375	0.08037990531105943	0.0	0.02010132244577844	0.08016552357173892	0.00612917233877568	0.06524990272655752	0.006186632378962899	0.055059464715776676	0.10553976931913547	0.02659641511063693	0.00896974020062546
hnsc_tcga_pan_can_atlas_2018	7.528066528066528	0.045776418021122624	0.01864305422603095	0.17192847215414186	0.0024805890122805217	0.21682133198716652	0.0012912896160611955	0.02196066595844821	0.058955253174824	0.0020648268910088544	0.0181108774483857	0.13020761554575852	0.0	0.08034261171220336	0.0	0.06856290459007627	0.11030462876425468	0.02681952309759586	0.016748845791230704
hnsc_tcga_pub	7.705454545454545	0.04939385667979772	0.04145564676041411	0.2060433129032473	0.005791260730684814	0.18266389295493957	0.0	0.034568191581519164	0.06626710614820114	0.0	0.0219041044040147	0.11411767434005789	0.0	0.0701772307738694	0.0014081758153543249	0.06637468963001165	0.08038924827007418	0.031048055598918083	0.01795377530691602
ihch_msk_2021	1.8768472906403941	0.04497226507977412	0.012411325260139373	0.07800021161850113	0.0	0.338016381381017	0.0	0.030050604613255347	0.007053507735861212	0.0	0.037222720158798316	0.06427292086849125	0.0	0.06516693008643862	0.0	0.09135253899473157	0.20417306395026186	0.009852216748768473	0.012697554116260995
ihch_mskcc_2020	1.6764705882352942	0.04547251544167349	0.006305863204889353	0.06862745098039216	0.0	0.3369074960583475	0.0	0.007502645059078284	0.0042339418664688825	0.0	0.0392156862745098	0.06347259757908663	0.0	0.08284997394126464	0.0	0.10558017781867333	0.20804210131559983	0.00980392156862745	0.0196078431372549
ihch_smmu_2014	5.393939393939394	0.05098729136804333	0.07660889944287277	0.12826594565442603	0.0043327726384544745	0.30725317943093433	0.0	0.0486419959846507	0.023828859670915283	0.0	0.059853986961332074	0.015619760338710079	0.009826013403424294	0.09305520708866764	0.0	0.01899395762527069	0.13571909241720873	0.007105777704521809	0.008679834095064303
kich_tcga	10.666666666666666	0.014274092287754815	0.1282171801421533	0.12150381217763732	0.008049096488989894	0.1366765585721794	0.0015606452814479394	0.014161366277807591	0.06418016105693128	0.0	0.006942975316291985	0.03412740075730049	0.0	0.1176270892741163	0.005153594134126031	0.055296558499110415	0.2741122751877304	0.007256029865999061	0.0
kich_tcga_pan_can_atlas_2018	2.3	0.02667468199306384	0.02345314140550386	0.120129769988608	0.0	0.35976139785599254	0.0	0.012458425299884921	0.02799009144746474	0.0	0.0	0.0661242167386502	0.0	0.048003557621731516	0.0	0.0869655815728903	0.1765471165506444	0.04	0.010299130671623559
kich_tcga_pub	2.4310344827586206	0.08413726412154991	0.0923733629322723	0.16419076311105762	0.0	0.2983665493159081	0.0	0.0	0.015896808991904536	0.0	0.060656744535113744	0.03822307008290906	0.0	0.026604294445992258	0.0	0.04065888056585449	0.1496113736652878	0.017241379310344827	0.007416329553969949
kirc_bgi	1.794871794871795	0.0	0.05433409321331256	0.25266970642898817	0.0	0.4213547305046771	0.0	0.0	0.0	0.0	0.0	0.0	0.0	0.041091051999282355	0.0	0.090731781465619	0.11185048061456297	0.0	0.02564102564102564
kirc_tcga	29.99017199017199	0.019064331494732276	0.027806133610119556	0.15133671159413964	0.007228638688656862	0.2283017257936845	0.000679191034942236	0.009115355541180044	0.04620873622338382	0.0	0.01592139424067438	0.056582448665055525	0.0	0.10490483050858669	0.0036620077510295945	0.0720774572313346	0.20370879356314858	0.010169142985497514	0.025105071404018457
kirc_tcga_pan_can_atlas_2018	8.170520231213873	0.013655479415130473	0.016911264812646144	0.20386082867130095	0.008381394196165104	0.22355774248297652	0.0010564811043881964	0.010607010028632775	0.052123771032437906	0.004504332918699463	0.0047839503884831505	0.04500071828157955	0.0	0.1611798202395237	0.0	0.09818018210203748	0.0850270589068638	0.010818899646385247	0.047363268680620615
kirc_tcga_pub	14.491271820448878	0.027758956842055597	0.10999711434107619	0.13844629846966847	0.008704826193012587	0.22655838112401744	0.0010761030592890523	0.018219289296199665	0.04175350706578954	0.0	0.0182320373002764	0.059966989332657206	0.004058729645999503	0.082296949176107	0.007579521277150871	0.05444751694366871	0.15051442800253942	0.009132728080616742	0.01655295584476775
kirp_tcga	9.266187050359711	0.014013097644322074	0.005568597842483399	0.16576029334834966	0.006072928775506123	0.21104846603252603	0.0006203429195246583	0.006946476579494255	0.07720429292460793	0.0	0.047388011343299306	0.051933384544388346	0.0	0.13653082445509085	0.0015957712160317337	0.11479728112384113	0.09470629090704596	0.01576249383023274	0.0344649528632044
kirp_tcga_pan_can_atlas_2018	10.11111111111111	0.01594315099083611	0.007627851570187152	0.16895102271647872	0.005687539357165515	0.20993503370846997	0.0057921773264047035	0.010415235297694822	0.08474272545834347	0.009429011088256209	0.01895344190319311	0.06076704618692043	0.0	0.12528410324579087	0.0009878704335040183	0.09847819557724238	0.0930299763567077	0.02086548623120342	0.04674889279175101
laml_tcga	1.8	0.004305108319479866	0.00391133061407864	0.10201667690194076	0.0	0.21060704127670793	0.0	0.00456434718060964	0.0	0.0	0.1677177293606402	0.045645394774561296	0.0	0.030286804033294198	0.0	0.04826834990455339	0.15779806069182586	0.2149748037070088	0.0024524156121508668
laml_tcga_pan_can_atlas_2018	4.934131736526946	0.012680799777191894	0.00718031864478112	0.098859137861422	0.0	0.20012953466134753	0.0	0.005610898343758635	0.0014458615930342934	0.0	0.1416631982291426	0.04783509276015613	0.0	0.03178149846983805	0.0	0.04049805624695329	0.20385855806618608	0.1903992654398377	0.005850474167930916
laml_tcga_pub	1.7567567567567568	0.004363285458932297	0.003964186433187811	0.09663852388710212	0.0	0.20248612155408335	0.0	0.004626027547915176	0.0	0.0	0.1706110081675237	0.04856929015479711	0.0	0.030696085168879256	0.0	0.041579098214489484	0.16429302138249172	0.21787986862196837	0.0066015485543544795
lgg_tcga	3.0137614678899083	0.0491000988831447	0.0231901965916496	0.14424218419757542	0.01033498058556002	0.3499742305985307	0.0	0.007860312055875701	0.00039439926538946976	0.0	0.030870836952830286	0.06048995091598042	0.0	0.07404398532983832	0.0	0.0581454060839133	0.15355494932157487	0.007614637185059372	0.027452648636971774
lgg_tcga_pan_can_atlas_2018	4.10158013544018	0.03389299812179459	0.028724222185858024	0.1313797711877139	0.008988772596143106	0.35968691808850195	0.0	0.01740969098798604	0.013309982952754136	0.002259163893441332	0.01979350879215868	0.06596204638827	0.0	0.07819409281059768	0.0	0.05539681530028758	0.14493346705568116	0.015155528782489257	0.020928554255016718
lgg_ucsf_2014	5.85	0.1043036147359502	0.10579503585282563	0.08744059887382938	0.0	0.2784564844415389	0.0	0.0333162346953272	0.06278115483245171	0.0	0.0	0.045556946994807966	0.0	0.07073768079247446	0.0069371523983689665	0.04869939224716516	0.1433612045299359	0.0	0.003696415982325067
lgggbm_tcga_pub	2.4764227642276424	0.03947313853473997	0.017759301110024703	0.16542505127355284	0.0061842238559945365	0.31860011874279887	0.0	0.01476513625700726	0.002564156247929485	0.0	0.01971740067986831	0.06427800640378602	0.0	0.08528090553186848	0.0	0.07862391477543439	0.14434564911621964	0.011852451351940392	0.02757006568536163
liad_inserm_fr_2014	2.5135135135135136	0.03783316353052443	0.0	0.22087819385357907	0.0	0.30880825263322975	0.0	0.01065569010550927	0.129977465282157	0.0	0.0	0.06310037459369919	0.0	0.09295312270285874	0.0	0.027385755195461433	0.1051121482293336	0.0	0.0
lihc_amc_prv	1.8869047619047619	0.0017171083561492914	0.0016068860086689285	0.15731615884923222	0.0	0.4021893717931597	0.0	0.0	0.06401335320417144	0.0	0.005952380952380952	0.0	0.0	0.14766299091847654	0.0	0.02286841413341553	0.18470744022186458	0.0	0.008338259313078208
lihc_riken	1.375	0.0	0.0	0.25	0.0	0.2731746845958126	0.0	0.0	0.0	0.0	0.0	0.0	0.0	0.0	0.0	0.125	0.34955833074952114	0.0	0.0
lihc_tcga	16.51366120218579	0.048946598487821	0.005286336289567361	0.1888259171899951	0.005171767900597791	0.15048402760879237	0.0012605854889088963	0.016497424640620113	0.13520191546229632	0.0	0.05287048979756524	0.05212077966425493	0.0	0.09416807204708473	0.004972177936821978	0.0837598185682402	0.10980749545029371	0.005972462307527393	0.033457908938916196
lihc_tcga_pan_can_atlas_2018	7.643059490084986	0.0547566430566605	0.01745237590928569	0.19610581855633108	0.007456646443451907	0.1473403356615488	0.0020198440657158328	0.019518065606930705	0.1292881211171311	0.009005671046974787	0.031473175329860215	0.05188345750217929	0.0	0.11007007640985615	0.005160706196500891	0.07958063560401692	0.07910862285851204	0.018454188909979175	0.03115750817623422
luad_broad	11.91812865497076	0.0265664548997221	0.021743276846855057	0.4846914693648689	0.004125324857460053	0.10803846206935193	0.0	0.02089058386207973	0.025014594906562247	0.0	0.018026571289574935	0.04071811034017163	0.0	0.06885216146422238	0.0004106834924616304	0.08455753304279626	0.05912001370322957	0.010150776341634579	0.011100237104883228
luad_cptac_2020	11.235849056603774	0.01772600369047898	0.0035758156059325094	0.4198133648890187	0.0025217245016161474	0.10746017160549282	0.0	0.03084383861182935	0.0803468525715283	0.0	0.01914506350996596	0.05176183593934078	0.0	0.0626573293555453	0.0035689926493585474	0.07500522288302057	0.06262933370324249	0.023228651850022132	0.02074784960590969
luad_msk_npjpo_2021	1.5059288537549407	0.012263446408977008	0.00936334816694875	0.15785109581373283	0.0	0.32498288843774376	0.0	0.029076014176882093	0.010762469687670818	0.005788484155710522	0.0635228400015399	0.03451229149180365	0.0	0.04331771309616552	0.0	0.1086964580826941	0.1883954974991564	0.0	0.009860509700189087
luad_mskcc_2020	1.4441340782122905	0.008441162187572132	0.006552017502579804	0.14110541860136508	0.0	0.3309582626192472	0.0	0.026134725102656898	0.0111731843575419	0.00831218632207174	0.06868258855514141	0.043573211438870274	0.0	0.04288072164011982	0.0	0.12102641006903815	0.1807482278187017	0.0016638156717237933	0.006711760651119143
luad_mskimpact_2021	1.5918367346938775	0.017850387662292768	0.007329604067164598	0.07436630047417289	0.0	0.5077924282235677	0.0	0.0	0.05079092559347092	0.0	0.025555772381511042	0.0035435818499763403	0.0	0.030035015435915167	0.0	0.03632141028066184	0.22592860608257556	0.005351697890690149	0.013605442176870748
luad_oncosg_2020	16.614545454545453	0.05993246361094532	0.01575208400704653	0.2062061758839743	0.0004268377533326364	0.18428010374475084	0.003300439341476367	0.012004381331561008	0.17732521395770387	0.0	0.04494240690479433	0.030520730131412276	0.0	0.06557631015750619	0.009598402488059678	0.07470417511808557	0.06993698247813294	0.009817908469933929	0.014297189367253637
luad_tcga	13.552631578947368	0.03399920613260971	0.022907784253910667	0.4145188710994028	0.001687398588333522	0.09938220376127435	0.0	0.030125632996504982	0.02664947165121149	0.0	0.005614540953985526	0.05252256247154487	0.0	0.08440314836148599	0.0021121628300159517	0.11132225885760211	0.08067770309830305	0.0015982682568249475	0.015120035577601904
luad_tcga_pan_can_atlas_2018	11.769944341372913	0.025409102319072025	0.004897344338794197	0.44685769986147333	0.0036571814824771782	0.0929472701615955	0.0	0.014914765526456975	0.030773543791903973	0.004054381657898812	0.005885197505572859	0.050099334857572266	0.0	0.08440767485442945	0.0029416928498994578	0.12732870458699008	0.07573826731865625	0.002130619774438859	0.012565785301233465
luad_tcga_pub	13.543478260869565	0.034598407504950766	0.024287836982460287	0.4121884052955861	0.001672725557130622	0.09851801068508936	0.0	0.029863670970448418	0.026417737115113995	0.0	0.005565718858733478	0.052065844537009694	0.0	0.08402820323132977	0.002093796196711465	0.11439970285424399	0.0805192074842798	0.0015843702719829913	0.014988557007361888
lung_msk_2017	1.586073500967118	0.014372774270267579	0.004350710355155915	0.14439702621286846	0.005802707930367505	0.3479065325940226	0.0	0.029562391467237728	0.016851012901607218	0.0032345328228283402	0.07273042722275773	0.025985145687059445	0.0	0.0383781735470788	0.001423791711494824	0.09188104585056893	0.18791385371035238	0.005695625473232731	0.006743967537359801
lung_msk_pdx	1.9904306220095693	0.012198125154049937	0.010643361484518407	0.15737720147696443	0.0	0.3022614749693783	0.0	0.03581254151188016	0.036242731461223976	0.0	0.04504516380879682	0.010080291850362374	0.0	0.0630174106974098	0.0	0.10304869251453985	0.15432869943342542	0.004784688995215311	0.06255373732328146
lung_pdx_msk_2021	1.7560975609756098	0.028706371469153925	0.021052609698549465	0.08478638055737596	0.0	0.18915845649948343	0.0	0.026018863476118828	0.024390243902439025	0.024390243902439025	0.0	0.0	0.0	0.11986851822595594	0.0	0.008841220107831732	0.18658564544827022	0.0	0.2820818579686201
lusc_cptac_2021	13.555555555555555	0.014157462908490537	0.00671056009782604	0.4167455078522212	0.004771475721181224	0.05853331518057062	0.0	0.03335341200098166	0.11740846945344385	0.0	0.05355718162384745	0.036462199575440474	0.0	0.05145747633547683	0.0	0.11368221534747092	0.05293641361442652	0.01303633237864655	0.006196979752860999
lusc_tcga_pan_can_atlas_2018	11.325379609544468	0.02038657198233387	0.009070776514918074	0.4701063980014475	0.004393939758822774	0.07245870782051476	0.002543183568502426	0.03004468869658342	0.059945021913225253	0.0025893400107338416	0.004511067602384065	0.03716573900581612	0.0	0.07165723297558521	0.002181567880833685	0.1195932267410472	0.06012082365901422	0.007284460523723879	0.010066004978772332
lusc_tcga_pub	5.345132743362832	0.01823876623842493	0.004950336708601438	0.37249644267626286	0.0	0.14233631391835402	0.0	0.01999624020054854	0.036563982584232664	0.0	0.0054991788636836285	0.03702384422292826	0.0	0.1016337633448176	0.004688825804411611	0.14987861049138237	0.08580818399947687	0.0	0.014398038404382576
lymphoma_cellline_msk_2020	3.303030303030303	0.011010256787090666	0.0	0.08788476389959916	0.009071047388530252	0.2554726317463849	0.0	0.0	0.11552463443059666	0.0	0.16437548565791738	0.0	0.0	0.19778487755647767	0.0	0.047376303040601746	0.10803070817886537	0.0	0.0
mbc_msk_2021	3.2857142857142856	0.0	0.0	0.07142857142857142	0.20234747358267643	0.33082223473318473	0.06629020905759028	0.0	0.0051383623709811786	0.0	0.0	0.0	0.0	0.07142857142857142	0.0	0.0	0.17843110241610477	0.07142857142857142	0.0
mbl_broad_2012	1.8305084745762712	0.10762315715218068	0.01293365655838917	0.18796765314800357	0.0	0.2947025829791841	0.0	0.01694915254237288	0.0	0.0	0.01694915254237288	0.026341020737669696	0.0	0.05480833313471961	0.0	0.08652164538352845	0.1654549167472914	0.01694915254237288	0.008653196438144238
mbl_dkfz_2017	1.6048387096774193	0.103065859708388	0.011325634099845763	0.08760329798883154	0.0	0.46708356049642574	0.0	0.011627718805835517	0.003463599279252573	0.0	0.0	0.028901212660302947	0.0	0.050142252082927746	0.0	0.02563808385440801	0.198050155185652	0.0	0.008064516129032258
mbl_icgc	9.212389380530974	0.0	0.0	0.0	0.0	0.24931487939664437	0.0	0.0	0.0	0.0	0.01477649782336816	0.12112567186325952	0.0	0.0	0.017456117596462595	0.005419450324233875	0.5795083786988985	0.0019213934720233273	0.0
mbl_sickkids_2016	5.514285714285714	0.07196381500321715	0.012334897348072799	0.16243365925746345	0.0	0.19252426378794693	0.0	0.035661106278441976	0.08595598617738877	0.0	0.025977485726714943	0.012558331001676429	0.0	0.18011020632659291	0.0	0.12345582757398856	0.05989053173432626	0.0	0.033422602752294174
mbn_mdacc_2013	6.6431424766977365	0.1770963918716231	0.3334569127192963	0.059598395667732	0.006475003366162399	0.12454008549007778	0.0009643461239734088	0.015636202518953268	0.004422268696565551	0.0	0.04203048253691019	0.02685924041952165	0.0	0.05849317559687034	0.001608094795406939	0.02332646040330474	0.06329996182483073	0.032595105235344195	0.019377333454207116
mcl_idibips_2013	1.8333333333333333	0.0	0.0	0.13957599626757616	0.05555555555555555	0.412436732536403	0.0	0.05423486646933134	0.0	0.0	0.0	0.0	0.0	0.0	0.0	0.16001175663196554	0.12262953698361284	0.0	0.05555555555555555
mds_mskcc_2020	1.7879907621247113	0.010629008628604325	0.006496795620738824	0.07073673278220431	0.0024142809524319384	0.2503240658307034	0.0	0.011767154106473611	0.001997625831278418	0.00015516236329833995	0.08175144161787339	0.055923963686764416	0.0	0.03935754849525323	0.0	0.03133414497381845	0.19022333105647662	0.23044283444189137	0.008305331986554485
mel_dfci_2019	17.035211267605632	0.03348568221624624	0.014993378694357294	0.09639800100433822	0.005158358509518191	0.06830893536409291	0.0060146390249018735	0.007938490721533496	0.42881455505351035	0.0	0.03962600329737154	0.02291118472514362	0.0	0.1329816698524057	0.00843993650118126	0.035161379880557474	0.05318943866960662	0.008213137779916006	0.011890672176525816
mel_mskimpact_2020	1.526813880126183	0.03749528037203739	0.008845370028289497	0.10793265787281234	0.011773550913939274	0.387437392557587	0.0	0.013351607157261646	0.020414510862553803	0.0031545741324921135	0.011538282719862123	0.027664934880332857	0.0	0.06819164934918107	0.0	0.06352890267843737	0.1989121705417034	0.015772870662460567	0.020035264477442864
mel_tsam_liang_2017	126.51351351351352	0.29528228398839834	0.46300492371827606	0.018312984714668176	0.015023749436508653	0.03718749028273385	0.0017451276366758947	0.002041945045040105	0.06862829586677359	0.0	0.0035954283313351892	0.0	0.006919292147392922	0.0033857432508385675	0.0	0.004255194126213255	0.0	0.005067893860707756	0.0
meso_tcga	18.6144578313253	0.041701078114634665	0.08796441886268996	0.11337954640742735	0.027297122002297385	0.245427744430419	0.0056211642082213235	0.05060941241992268	0.08480577360790109	0.0	0.055796619089628186	0.02104892283285451	0.006269507070468181	0.04497838903853791	0.0047472502943264605	0.016846532911916744	0.11084653333731373	0.05169206073397613	0.002285671851186652
meso_tcga_pan_can_atlas_2018	3.3714285714285714	0.05004879827986991	0.020339784703828384	0.10945836934789657	0.035244981570812274	0.23383699579106368	0.0	0.011818035462476542	0.07319413719236818	0.0	0.02143159008797303	0.07667728542194675	0.0	0.126927540989549	0.0	0.08914784686665864	0.09488633557384747	0.021435604340359727	0.03127764480883793
metastatic_solid_tumors_mich_2017	20.2374245472837	0.005081657610284726	0.0	0.016424228178558035	0.3325431248789306	0.18075483495238504	0.003856173031734484	0.0005578188524133666	0.34188618553364425	0.006250995222647431	0.003220587182279871	0.00041908359518299794	0.0	0.0004917716269122456	0.00022772764429731187	0.006388511429194183	0.09192782928082524	0.0	0.0
mixed_allen_2018	13.520325203252032	0.04981859809634108	0.018417229536110035	0.162176916566437	0.008391383771536047	0.14201093902341766	0.004604437094663846	0.013386176137194407	0.1454286534957967	0.0	0.04348363754078323	0.040371027353203935	0.0006542392541575894	0.13406416405547636	0.009546839042888822	0.0731402201389703	0.10152921139853999	0.016727706549014038	0.01434244431702272
mixed_cfdna_msk_2020	2.0	0.02020574002825237	0.013545126423544886	0.04931437802887482	0.04225420278499545	0.3204467740456958	0.0	0.022826234961228493	0.0	0.0	0.02002275244921224	0.058969682681900434	0.0	0.05396344567545151	0.0	0.039803003376508626	0.30015169447643186	0.027693442645070336	0.014285714285714285
mixed_pipseq_2017	57.323232323232325	0.07411395109755155	0.43948955209610957	0.012155348744568067	0.020479604576965873	0.06841036407716389	0.0	0.011819862311020266	0.08640248640364571	0.0	0.042908648100074484	0.014865285569216733	0.07583088201832205	0.0	0.00949026029732807	0.014716499667245303	0.060300104685086876	0.022249258134607878	0.0
mm_broad	1.0	0.14285714285714285	0.0	0.0	0.0	0.4380023436140109	0.0	0.0	0.0	0.0	0.0	0.14285714285714285	0.0	0.0	0.0	0.0	0.13342622781456057	0.0	0.14285714285714285
mnm_washu_2016	1.5384615384615385	0.08456997406642969	0.0073923436287575	0.057692307692307696	0.0	0.18914934101031658	0.0	0.0	0.019230769230769232	0.0	0.09235157281515027	0.0	0.0	0.028285853719611117	0.014459589351545846	0.051709120195162446	0.39175654176555696	0.056163678309483704	0.0
mpcproject_broad_2021	32.225	0.05367157374861622	0.010999029053583693	0.135587182230215	0.011941194777436211	0.25041760426922655	0.005381006380158275	0.0145797345306343	0.11178199432131095	0.0	0.015457617790304736	0.04310335509377641	0.0	0.09252883145337332	0.03654564380565511	0.02028015336680491	0.173919320103241	0.0	0.0077461604888889365
mpn_cimr_2013	1.380281690140845	0.0	0.008451493415715296	0.14879380968630024	0.0	0.3688372960732459	0.0	0.0	0.0	0.0	0.0	0.08132175366391739	0.0	0.07636714021361055	0.0	0.03967848915236787	0.2243840221487102	0.028169014084507043	0.014084507042253521
mpnst_mskcc	54.333333333333336	0.0	0.0	0.12631904277822764	0.03024863043525013	0.22105644106467146	0.0	0.0	0.3515184257440516	0.0	0.10561925352239805	0.0	0.0	0.0387798263213445	0.0	0.006708240723543333	0.04542238548844897	0.02561444472248293	0.0
mrt_bcgsc_2016	2.36	0.22981209085621593	0.09629878344029756	0.08	0.0	0.37070422505583794	0.0	0.021795472612544362	0.0	0.0	0.0	0.0	0.0	0.01978160303985732	0.0	0.0410717774566386	0.13662742760169677	0.0	0.0
msk_access_2021	2.0046511627906978	0.028744650150046923	0.011739904403213005	0.08300262349889251	0.013136438480921013	0.3884592467332939	0.0	0.03568136632576128	0.014860120698088395	0.006201550387596899	0.06681433576190376	0.03950139720988627	0.0	0.04494101375728489	0.0	0.05507012926086487	0.1951106871517734	0.0015503875968992248	0.011894641733225127
msk_ch_2020	1.096774193548387	0.016885078338411973	0.0	0.16847295727715264	0.007370050608137726	0.29192852104019223	0.0	0.0	0.0006086427267194157	0.0	0.024874797210326746	0.07081338184541822	0.0	0.14396104467614723	0.0	0.0705611115428513	0.17884791094366867	0.010955569080949483	0.01216061403557474
msk_ch_ped_2021	1.0	0.0	0.0	0.0	0.0	0.6067909459020895	0.0	0.0	0.0	0.0	0.0	0.0	0.0	0.0	0.0	0.0	0.1432090540979105	0.25	0.0
msk_impact_2017	2.0085067873303166	0.030816857373852216	0.012174620091037858	0.10397167835501574	0.004898366066552834	0.33949839522853575	0.00018099547511312217	0.03388998847059135	0.01546085575087777	0.002111627837427325	0.04612015760729744	0.0527337961690543	0.0	0.05891465973333508	0.0002664616524317915	0.07347383038576329	0.19859194403644673	0.009087495902256023	0.014127444947125234
skcm_tcga	11.226158038147139	0.05924750564771892	0.09785957983412154	0.15906733640562684	0.00778569003129631	0.18086070505855562	0.0	0.03779838339643796	0.04551483241322445	0.0	0.017325860241024116	0.03304602722588889	0.0024316445122028484	0.1212809024480304	0.00717877345650835	0.0756812936534373	0.0976354688758365	0.017612861070223227	0.021889936725886388
